Month,Revenue,Orders,Average_Order_Value
Jan-2020,10000,200,50
Feb-2020,11000,220,50
Mar-2020,12000,240,50
Apr-2020,13000,260,50
May-2020,14000,280,50
Jun-2020,15000,300,50
Jul-2020,16000,320,50
Aug-2020,17000,340,50
Sep-2020,18000,360,50
Oct-2020,19000,380,50
Nov-2020,20000,400,50
Dec-2020,21000,420,50
Jan-2021,22000,440,50
Feb-2021,23000,460,50
Mar-2021,24000,480,50
Apr-2021,25000,500,50
May-2021,26000,520,50
Jun-2021,27000,540,50
Jul-2021,28000,560,50
Aug-2021,29000,580,50
Sep-2021,30000,600,50
Oct-2021,31000,620,50
Nov-2021,32000,640,50
Dec-2021,33000,660,50
